script	iso15924	letters	marks	numbers	codepoints	sample
Adlam	Adlm	69	7	10	88	𞤀𞤁𞤂𞤃𞤄𞤅𞤆𞤇𞤈𞤉𞤊𞤋𞤌𞤍𞤎𞤏𞤐𞤑𞤒𞤓𞤔𞤕𞤖𞤗𞤘𞤙𞤚𞤛𞤜𞤝𞤞𞤟𞤠𞤡𞤢𞤣
Ahom	Ahom	34	15	12	65	𑜀𑜁𑜂𑜃𑜄𑜅𑜆𑜇𑜈𑜉𑜊𑜋𑜌𑜍𑜎𑜏𑜐𑜑𑜒𑜓𑜔𑜕𑜖𑜗𑜘𑜙𑜚𑝀𑝁𑝂𑝃𑝄𑝅𑝆
Anatolian_Hieroglyphs	Hluw	583	0	0	583	𔐀𔐁𔐂𔐃𔐄𔐅𔐆𔐇𔐈𔐉𔐊𔐋𔐌𔐍𔐎𔐏𔐐𔐑𔐒𔐓𔐔𔐕𔐖𔐗𔐘𔐙𔐚𔐛𔐜𔐝𔐞𔐟𔐠𔐡𔐢𔐣
Arabic	Arab	1151	108	51	1413	ؠءآأؤإئابةتثجحخدذرزسشصضطظعغػؼؽؾؿفقكل
Armenian	Armn	85	0	0	96	ԱԲԳԴԵԶԷԸԹԺԻԼԽԾԿՀՁՂՃՄՅՆՇՈՉՊՋՌՍՎՏՐՑՒՓՔ
Avestan	Avst	54	0	0	61	𐬀𐬁𐬂𐬃𐬄𐬅𐬆𐬇𐬈𐬉𐬊𐬋𐬌𐬍𐬎𐬏𐬐𐬑𐬒𐬓𐬔𐬕𐬖𐬗𐬘𐬙𐬚𐬛𐬜𐬝𐬞𐬟𐬠𐬡𐬢𐬣
Balinese	Bali	55	31	10	127	ᬅᬆᬇᬈᬉᬊᬋᬌᬍᬎᬏᬐᬑᬒᬓᬔᬕᬖᬗᬘᬙᬚᬛᬜᬝᬞᬟᬠᬡᬢᬣᬤᬥᬦᬧᬨ
Bamum	Bamu	639	2	10	657	ꚠꚡꚢꚣꚤꚥꚦꚧꚨꚩꚪꚫꚬꚭꚮꚯꚰꚱꚲꚳꚴꚵꚶꚷꚸꚹꚺꚻꚼꚽꚾꚿꛀꛁꛂꛃ
Bassa_Vah	Bass	30	5	0	36	𖫐𖫑𖫒𖫓𖫔𖫕𖫖𖫗𖫘𖫙𖫚𖫛𖫜𖫝𖫞𖫟𖫠𖫡𖫢𖫣𖫤𖫥𖫦𖫧𖫨𖫩𖫪𖫫𖫬𖫭
Batak	Batk	38	14	0	56	ᯀᯁᯂᯃᯄᯅᯆᯇᯈᯉᯊᯋᯌᯍᯎᯏᯐᯑᯒᯓᯔᯕᯖᯗᯘᯙᯚᯛᯜᯝᯞᯟᯠᯡᯢᯣ
Bengali	Beng	55	20	16	96	ঀঅআইঈউঊঋঌএঐওঔকখগঘঙচছজঝঞটঠডঢণতথদধনপফব
Beria_Erfe	Berf	50	0	0	50	𖺠𖺡𖺢𖺣𖺤𖺥𖺦𖺧𖺨𖺩𖺪𖺫𖺬𖺭𖺮𖺯𖺰𖺱𖺲𖺳𖺴𖺵𖺶𖺷𖺸𖺻𖺼𖺽𖺾𖺿𖻀𖻁𖻂𖻃𖻄𖻅
Bhaiksuki	Bhks	47	16	29	97	𑰀𑰁𑰂𑰃𑰄𑰅𑰆𑰇𑰈𑰊𑰋𑰌𑰍𑰎𑰏𑰐𑰑𑰒𑰓𑰔𑰕𑰖𑰗𑰘𑰙𑰚𑰛𑰜𑰝𑰞𑰟𑰠𑰡𑰢𑰣𑰤
Bopomofo	Bopo	75	0	0	77	ㄅㄆㄇㄈㄉㄊㄋㄌㄍㄎㄏㄐㄑㄒㄓㄔㄕㄖㄗㄘㄙㄚㄛㄜㄝㄞㄟㄠㄡㄢㄣㄤㄥㄦㄧㄨ
Brahmi	Brah	56	22	30	115	𑀃𑀄𑀅𑀆𑀇𑀈𑀉𑀊𑀋𑀌𑀍𑀎𑀏𑀐𑀑𑀒𑀓𑀔𑀕𑀖𑀗𑀘𑀙𑀚𑀛𑀜𑀝𑀞𑀟𑀠𑀡𑀢𑀣𑀤𑀥𑀦
Braille	Brai	0	0	0	256	
Buginese	Bugi	23	5	0	30	ᨀᨁᨂᨃᨄᨅᨆᨇᨈᨉᨊᨋᨌᨍᨎᨏᨐᨑᨒᨓᨔᨕᨖ
Buhid	Buhd	18	2	0	20	ᝀᝁᝂᝃᝄᝅᝆᝇᝈᝉᝊᝋᝌᝍᝎᝏᝐᝑ
Canadian_Aboriginal	Cans	723	0	0	726	ᐁᐂᐃᐄᐅᐆᐇᐈᐉᐊᐋᐌᐍᐎᐏᐐᐑᐒᐓᐔᐕᐖᐗᐘᐙᐚᐛᐜᐝᐞᐟᐠᐡᐢᐣᐤ
Carian	Cari	49	0	0	49	𐊠𐊡𐊢𐊣𐊤𐊥𐊦𐊧𐊨𐊩𐊪𐊫𐊬𐊭𐊮𐊯𐊰𐊱𐊲𐊳𐊴𐊵𐊶𐊷𐊸𐊹𐊺𐊻𐊼𐊽𐊾𐊿𐋀𐋁𐋂𐋃
Caucasian_Albanian	Aghb	52	0	0	53	𐔰𐔱𐔲𐔳𐔴𐔵𐔶𐔷𐔸𐔹𐔺𐔻𐔼𐔽𐔾𐔿𐕀𐕁𐕂𐕃𐕄𐕅𐕆𐕇𐕈𐕉𐕊𐕋𐕌𐕍𐕎𐕏𐕐𐕑𐕒𐕓
Chakma	Cakm	38	19	10	71	𑄃𑄄𑄅𑄆𑄇𑄈𑄉𑄊𑄋𑄌𑄍𑄎𑄏𑄐𑄑𑄒𑄓𑄔𑄕𑄖𑄗𑄘𑄙𑄚𑄛𑄜𑄝𑄞𑄟𑄠𑄡𑄢𑄣𑄤𑄥𑄦
Cham	Cham	52	17	10	83	ꨀꨁꨂꨃꨄꨅꨆꨇꨈꨉꨊꨋꨌꨍꨎꨏꨐꨑꨒꨓꨔꨕꨖꨗꨘꨙꨚꨛꨜꨝꨞꨟꨠꨡꨢꨣ
Cherokee	Cher	172	0	0	172	ᎠᎡᎢᎣᎤᎥᎦᎧᎨᎩᎪᎫᎬᎭᎮᎯᎰᎱᎲᎳᎴᎵᎶᎷᎸᎹᎺᎻᎼᎽᎾᎿᏀᏁᏂᏃ
Chorasmian	Chrs	21	0	7	28	𐾰𐾱𐾲𐾳𐾴𐾵𐾶𐾷𐾸𐾹𐾺𐾻𐾼𐾽𐾾𐾿𐿀𐿁𐿂𐿃𐿄
Common	Zyyy	1039	10	586	9123	µʹʺʻʼʽʾʿˀˁˆˇˈˉˊˋˌˍˎˏːˑˬˮʹـᳩᳪᳫᳬᳮᳯᳰᳱᳲᳳ
Coptic	Copt	121	3	1	137	ϢϣϤϥϦϧϨϩϪϫϬϭϮϯⲀⲁⲂⲃⲄⲅⲆⲇⲈⲉⲊⲋⲌⲍⲎⲏⲐⲑⲒⲓⲔⲕ
Cuneiform	Xsux	1118	0	111	1234	𒀀𒀁𒀂𒀃𒀄𒀅𒀆𒀇𒀈𒀉𒀊𒀋𒀌𒀍𒀎𒀏𒀐𒀑𒀒𒀓𒀔𒀕𒀖𒀗𒀘𒀙𒀚𒀛𒀜𒀝𒀞𒀟𒀠𒀡𒀢𒀣
Cypriot	Cprt	55	0	0	55	𐠀𐠁𐠂𐠃𐠄𐠅𐠈𐠊𐠋𐠌𐠍𐠎𐠏𐠐𐠑𐠒𐠓𐠔𐠕𐠖𐠗𐠘𐠙𐠚𐠛𐠜𐠝𐠞𐠟𐠠𐠡𐠢𐠣𐠤𐠥𐠦
Cypro_Minoan	Cpmn	97	0	0	99	𒾐𒾑𒾒𒾓𒾔𒾕𒾖𒾗𒾘𒾙𒾚𒾛𒾜𒾝𒾞𒾟𒾠𒾡𒾢𒾣𒾤𒾥𒾦𒾧𒾨𒾩𒾪𒾫𒾬𒾭𒾮𒾯𒾰𒾱𒾲𒾳
Cyrillic	Cyrl	449	56	0	508	ЀЁЂЃЄЅІЇЈЉЊЋЌЍЎЏАБВГДЕЖЗИЙКЛМНОПРСТУ
Deseret	Dsrt	80	0	0	80	𐐀𐐁𐐂𐐃𐐄𐐅𐐆𐐇𐐈𐐉𐐊𐐋𐐌𐐍𐐎𐐏𐐐𐐑𐐒𐐓𐐔𐐕𐐖𐐗𐐘𐐙𐐚𐐛𐐜𐐝𐐞𐐟𐐠𐐡𐐢𐐣
Devanagari	Deva	90	49	10	164	ऄअआइईउऊऋऌऍऎएऐऑऒओऔकखगघङचछजझञटठडढणतथदध
Dives_Akuru	Diak	44	15	10	72	𑤀𑤁𑤂𑤃𑤄𑤅𑤆𑤉𑤌𑤍𑤎𑤏𑤐𑤑𑤒𑤓𑤕𑤖𑤘𑤙𑤚𑤛𑤜𑤝𑤞𑤟𑤠𑤡𑤢𑤣𑤤𑤥𑤦𑤧𑤨𑤩
Dogra	Dogr	44	15	0	60	𑠀𑠁𑠂𑠃𑠄𑠅𑠆𑠇𑠈𑠉𑠊𑠋𑠌𑠍𑠎𑠏𑠐𑠑𑠒𑠓𑠔𑠕𑠖𑠗𑠘𑠙𑠚𑠛𑠜𑠝𑠞𑠟𑠠𑠡𑠢𑠣
Duployan	Dupl	139	2	0	143	𛰀𛰁𛰂𛰃𛰄𛰅𛰆𛰇𛰈𛰉𛰊𛰋𛰌𛰍𛰎𛰏𛰐𛰑𛰒𛰓𛰔𛰕𛰖𛰗𛰘𛰙𛰚𛰛𛰜𛰝𛰞𛰟𛰠𛰡𛰢𛰣
Egyptian_Hieroglyphs	Egyp	5073	16	0	5105	𓀀𓀁𓀂𓀃𓀄𓀅𓀆𓀇𓀈𓀉𓀊𓀋𓀌𓀍𓀎𓀏𓀐𓀑𓀒𓀓𓀔𓀕𓀖𓀗𓀘𓀙𓀚𓀛𓀜𓀝𓀞𓀟𓀠𓀡𓀢𓀣
Elbasan	Elba	40	0	0	40	𐔀𐔁𐔂𐔃𐔄𐔅𐔆𐔇𐔈𐔉𐔊𐔋𐔌𐔍𐔎𐔏𐔐𐔑𐔒𐔓𐔔𐔕𐔖𐔗𐔘𐔙𐔚𐔛𐔜𐔝𐔞𐔟𐔠𐔡𐔢𐔣
Elymaic	Elym	23	0	0	23	𐿠𐿡𐿢𐿣𐿤𐿥𐿦𐿧𐿨𐿩𐿪𐿫𐿬𐿭𐿮𐿯𐿰𐿱𐿲𐿳𐿴𐿵𐿶
Ethiopic	Ethi	481	3	20	523	ሀሁሂሃሄህሆሇለሉሊላሌልሎሏሐሑሒሓሔሕሖሗመሙሚማሜምሞሟሠሡሢሣ
Garay	Gara	51	5	10	69	𐵊𐵋𐵌𐵍𐵎𐵏𐵐𐵑𐵒𐵓𐵔𐵕𐵖𐵗𐵘𐵙𐵚𐵛𐵜𐵝𐵞𐵟𐵠𐵡𐵢𐵣𐵤𐵥𐵯𐵰𐵱𐵲𐵳𐵴𐵵𐵶
Georgian	Geor	173	0	0	173	ႠႡႢႣႤႥႦႧႨႩႪႫႬႭႮႯႰႱႲႳႴႵႶႷႸႹႺႻႼႽႾႿჀჁჂჃ
Glagolitic	Glag	96	38	0	134	ⰀⰁⰂⰃⰄⰅⰆⰇⰈⰉⰊⰋⰌⰍⰎⰏⰐⰑⰒⰓⰔⰕⰖⰗⰘⰙⰚⰛⰜⰝⰞⰟⰠⰡⰢⰣ
Gothic	Goth	25	0	2	27	𐌰𐌱𐌲𐌳𐌴𐌵𐌶𐌷𐌸𐌹𐌺𐌻𐌼𐌽𐌾𐌿𐍀𐍂𐍃𐍄𐍅𐍆𐍇𐍈𐍉
Grantha	Gran	53	32	0	85	𑌅𑌆𑌇𑌈𑌉𑌊𑌋𑌌𑌏𑌐𑌓𑌔𑌕𑌖𑌗𑌘𑌙𑌚𑌛𑌜𑌝𑌞𑌟𑌠𑌡𑌢𑌣𑌤𑌥𑌦𑌧𑌨𑌪𑌫𑌬𑌭
Greek	Grek	350	3	59	518	ͰͱͲͳͶͷͺͻͼͽͿΆΈΉΊΌΎΏΐΑΒΓΔΕΖΗΘΙΚΛΜΝΞΟΠΡ
Gujarati	Gujr	53	26	10	91	અઆઇઈઉઊઋઌઍએઐઑઓઔકખગઘઙચછજઝઞટઠડઢણતથદધનપફ
Gunjala_Gondi	Gong	41	12	10	63	𑵠𑵡𑵢𑵣𑵤𑵥𑵧𑵨𑵪𑵫𑵬𑵭𑵮𑵯𑵰𑵱𑵲𑵳𑵴𑵵𑵶𑵷𑵸𑵹𑵺𑵻𑵼𑵽𑵾𑵿𑶀𑶁𑶂𑶃𑶄𑶅
Gurmukhi	Guru	51	18	10	80	ਅਆਇਈਉਊਏਐਓਔਕਖਗਘਙਚਛਜਝਞਟਠਡਢਣਤਥਦਧਨਪਫਬਭਮਯ
Gurung_Khema	Gukh	30	18	10	58	𖄀𖄁𖄂𖄃𖄄𖄅𖄆𖄇𖄈𖄉𖄊𖄋𖄌𖄍𖄎𖄏𖄐𖄑𖄒𖄓𖄔𖄕𖄖𖄗𖄘𖄙𖄚𖄛𖄜𖄝
Han	Hani	1041	2	16	103351	々〻㐀䶿一鿿豈更車賈滑串句龜龜契金喇奈懶癩羅蘿螺裸邏樂洛烙珞落酪駱亂卵欄
Hangul	Hang	505	2	0	11739	ᄀᄁᄂᄃᄄᄅᄆᄇᄈᄉᄊᄋᄌᄍᄎᄏᄐᄑᄒᄓᄔᄕᄖᄗᄘᄙᄚᄛᄜᄝᄞᄟᄠᄡᄢᄣ
Hanifi_Rohingya	Rohg	36	4	10	50	𐴀𐴁𐴂𐴃𐴄𐴅𐴆𐴇𐴈𐴉𐴊𐴋𐴌𐴍𐴎𐴏𐴐𐴑𐴒𐴓𐴔𐴕𐴖𐴗𐴘𐴙𐴚𐴛𐴜𐴝𐴞𐴟𐴠𐴡𐴢𐴣
Hanunoo	Hano	18	3	0	21	ᜠᜡᜢᜣᜤᜥᜦᜧᜨᜩᜪᜫᜬᜭᜮᜯᜰᜱ
Hatran	Hatr	21	0	5	26	𐣠𐣡𐣢𐣣𐣤𐣥𐣦𐣧𐣨𐣩𐣪𐣫𐣬𐣭𐣮𐣯𐣰𐣱𐣲𐣴𐣵
Hebrew	Hebr	75	52	0	134	אבגדהוזחטיךכלםמןנסעףפץצקרשתׯװױײיִײַﬠﬡﬢ
Hiragana	Hira	380	0	0	381	ぁあぃいぅうぇえぉおかがきぎくぐけげこごさざしじすずせぜそぞただちぢっつ
Imperial_Aramaic	Armi	22	0	8	31	𐡀𐡁𐡂𐡃𐡄𐡅𐡆𐡇𐡈𐡉𐡊𐡋𐡌𐡍𐡎𐡏𐡐𐡑𐡒𐡓𐡔𐡕
Inherited	Zinh	0	682	0	684	
Inscriptional_Pahlavi	Phli	19	0	8	27	𐭠𐭡𐭢𐭣𐭤𐭥𐭦𐭧𐭨𐭩𐭪𐭫𐭬𐭭𐭮𐭯𐭰𐭱𐭲
Inscriptional_Parthian	Prti	22	0	8	30	𐭀𐭁𐭂𐭃𐭄𐭅𐭆𐭇𐭈𐭉𐭊𐭋𐭌𐭍𐭎𐭏𐭐𐭑𐭒𐭓𐭔𐭕
Javanese	Java	47	18	10	90	ꦄꦅꦆꦇꦈꦉꦊꦋꦌꦍꦎꦏꦐꦑꦒꦓꦔꦕꦖꦗꦘꦙꦚꦛꦜꦝꦞꦟꦠꦡꦢꦣꦤꦥꦦꦧ
Kaithi	Kthi	45	15	0	68	𑂃𑂄𑂅𑂆𑂇𑂈𑂉𑂊𑂋𑂌𑂍𑂎𑂏𑂐𑂑𑂒𑂓𑂔𑂕𑂖𑂗𑂘𑂙𑂚𑂛𑂜𑂝𑂞𑂟𑂠𑂡𑂢𑂣𑂤𑂥𑂦
Kannada	Knda	58	23	10	92	ಀಅಆಇಈಉಊಋಌಎಏಐಒಓಔಕಖಗಘಙಚಛಜಝಞಟಠಡಢಣತಥದಧನಪ
Katakana	Kana	186	0	0	321	ァアィイゥウェエォオカガキギクグケゲコゴサザシジスズセゼソゾタダチヂッツ
Kawi	Kawi	48	16	10	87	𑼂𑼄𑼅𑼆𑼇𑼈𑼉𑼊𑼋𑼌𑼍𑼎𑼏𑼐𑼒𑼓𑼔𑼕𑼖𑼗𑼘𑼙𑼚𑼛𑼜𑼝𑼞𑼟𑼠𑼡𑼢𑼣𑼤𑼥𑼦𑼧
Kayah_Li	Kali	28	8	10	47	ꤊꤋꤌꤍꤎꤏꤐꤑꤒꤓꤔꤕꤖꤗꤘꤙꤚꤛꤜꤝꤞꤟꤠꤡꤢꤣꤤꤥ
Kharoshthi	Khar	37	13	9	68	𐨀𐨐𐨑𐨒𐨓𐨕𐨖𐨗𐨙𐨚𐨛𐨜𐨝𐨞𐨟𐨠𐨡𐨢𐨣𐨤𐨥𐨦𐨧𐨨𐨩𐨪𐨫𐨬𐨭𐨮𐨯𐨰𐨱𐨲𐨳𐨴
Khitan_Small_Script	Kits	471	1	0	472	𘬀𘬁𘬂𘬃𘬄𘬅𘬆𘬇𘬈𘬉𘬊𘬋𘬌𘬍𘬎𘬏𘬐𘬑𘬒𘬓𘬔𘬕𘬖𘬗𘬘𘬙𘬚𘬛𘬜𘬝𘬞𘬟𘬠𘬡𘬢𘬣
Khmer	Khmr	54	33	20	146	កខគឃងចឆជឈញដឋឌឍណតថទធនបផពភមយរលវឝឞសហឡអឣ
Khojki	Khoj	45	14	0	65	𑈀𑈁𑈂𑈃𑈄𑈅𑈆𑈇𑈈𑈉𑈊𑈋𑈌𑈍𑈎𑈏𑈐𑈑𑈓𑈔𑈕𑈖𑈗𑈘𑈙𑈚𑈛𑈜𑈝𑈞𑈟𑈠𑈡𑈢𑈣𑈤
Khudawadi	Sind	47	12	10	69	𑊰𑊱𑊲𑊳𑊴𑊵𑊶𑊷𑊸𑊹𑊺𑊻𑊼𑊽𑊾𑊿𑋀𑋁𑋂𑋃𑋄𑋅𑋆𑋇𑋈𑋉𑋊𑋋𑋌𑋍𑋎𑋏𑋐𑋑𑋒𑋓
Kirat_Rai	Krai	45	0	10	58	𖵀𖵁𖵂𖵃𖵄𖵅𖵆𖵇𖵈𖵉𖵊𖵋𖵌𖵍𖵎𖵏𖵐𖵑𖵒𖵓𖵔𖵕𖵖𖵗𖵘𖵙𖵚𖵛𖵜𖵝𖵞𖵟𖵠𖵡𖵢𖵣
Lao	Laoo	56	17	10	83	ກຂຄຆງຈຉຊຌຍຎຏຐຑຒຓດຕຖທຘນບປຜຝພຟຠມຢຣລວຨຩ
Latin	Latn	1453	0	39	1492	ABCDEFGHIJKLMNOPQRSTUVWXYZabcdefghij
Lepcha	Lepc	39	20	10	74	ᰀᰁᰂᰃᰄᰅᰆᰇᰈᰉᰊᰋᰌᰍᰎᰏᰐᰑᰒᰓᰔᰕᰖᰗᰘᰙᰚᰛᰜᰝᰞᰟᰠᰡᰢᰣ
Limbu	Limb	31	24	10	68	ᤀᤁᤂᤃᤄᤅᤆᤇᤈᤉᤊᤋᤌᤍᤎᤏᤐᤑᤒᤓᤔᤕᤖᤗᤘᤙᤚᤛᤜᤝᤞ
Linear_A	Lina	341	0	0	341	𐘀𐘁𐘂𐘃𐘄𐘅𐘆𐘇𐘈𐘉𐘊𐘋𐘌𐘍𐘎𐘏𐘐𐘑𐘒𐘓𐘔𐘕𐘖𐘗𐘘𐘙𐘚𐘛𐘜𐘝𐘞𐘟𐘠𐘡𐘢𐘣
Linear_B	Linb	211	0	0	211	𐀀𐀁𐀂𐀃𐀄𐀅𐀆𐀇𐀈𐀉𐀊𐀋𐀍𐀎𐀏𐀐𐀑𐀒𐀓𐀔𐀕𐀖𐀗𐀘𐀙𐀚𐀛𐀜𐀝𐀞𐀟𐀠𐀡𐀢𐀣𐀤
Lisu	Lisu	47	0	0	49	ꓐꓑꓒꓓꓔꓕꓖꓗꓘꓙꓚꓛꓜꓝꓞꓟꓠꓡꓢꓣꓤꓥꓦꓧꓨꓩꓪꓫꓬꓭꓮꓯꓰꓱꓲꓳ
Lycian	Lyci	29	0	0	29	𐊀𐊁𐊂𐊃𐊄𐊅𐊆𐊇𐊈𐊉𐊊𐊋𐊌𐊍𐊎𐊏𐊐𐊑𐊒𐊓𐊔𐊕𐊖𐊗𐊘𐊙𐊚𐊛𐊜
Lydian	Lydi	26	0	0	27	𐤠𐤡𐤢𐤣𐤤𐤥𐤦𐤧𐤨𐤩𐤪𐤫𐤬𐤭𐤮𐤯𐤰𐤱𐤲𐤳𐤴𐤵𐤶𐤷𐤸𐤹
Mahajani	Mahj	36	1	0	39	𑅐𑅑𑅒𑅓𑅔𑅕𑅖𑅗𑅘𑅙𑅚𑅛𑅜𑅝𑅞𑅟𑅠𑅡𑅢𑅣𑅤𑅥𑅦𑅧𑅨𑅩𑅪𑅫𑅬𑅭𑅮𑅯𑅰𑅱𑅲𑅶
Makasar	Maka	19	4	0	25	𑻠𑻡𑻢𑻣𑻤𑻥𑻦𑻧𑻨𑻩𑻪𑻫𑻬𑻭𑻮𑻯𑻰𑻱𑻲
Malayalam	Mlym	67	23	26	118	ഄഅആഇഈഉഊഋഌഎഏഐഒഓഔകഖഗഘങചഛജഝഞടഠഡഢണതഥദധനഩ
Mandaic	Mand	25	3	0	29	ࡀࡁࡂࡃࡄࡅࡆࡇࡈࡉࡊࡋࡌࡍࡎࡏࡐࡑࡒࡓࡔࡕࡖࡗࡘ
Manichaean	Mani	36	2	5	51	𐫀𐫁𐫂𐫃𐫄𐫅𐫆𐫇𐫉𐫊𐫋𐫌𐫍𐫎𐫏𐫐𐫑𐫒𐫓𐫔𐫕𐫖𐫗𐫘𐫙𐫚𐫛𐫜𐫝𐫞𐫟𐫠𐫡𐫢𐫣𐫤
Marchen	Marc	30	36	0	68	𑱲𑱳𑱴𑱵𑱶𑱷𑱸𑱹𑱺𑱻𑱼𑱽𑱾𑱿𑲀𑲁𑲂𑲃𑲄𑲅𑲆𑲇𑲈𑲉𑲊𑲋𑲌𑲍𑲎𑲏
Masaram_Gondi	Gonm	48	17	10	75	𑴀𑴁𑴂𑴃𑴄𑴅𑴆𑴈𑴉𑴋𑴌𑴍𑴎𑴏𑴐𑴑𑴒𑴓𑴔𑴕𑴖𑴗𑴘𑴙𑴚𑴛𑴜𑴝𑴞𑴟𑴠𑴡𑴢𑴣𑴤𑴥
Medefaidrin	Medf	64	0	23	91	𖹀𖹁𖹂𖹃𖹄𖹅𖹆𖹇𖹈𖹉𖹊𖹋𖹌𖹍𖹎𖹏𖹐𖹑𖹒𖹓𖹔𖹕𖹖𖹗𖹘𖹙𖹚𖹛𖹜𖹝𖹞𖹟𖹠𖹡𖹢𖹣
Meetei_Mayek	Mtei	49	17	10	79	ꫠꫡꫢꫣꫤꫥꫦꫧꫨꫩꫪꫲꫳꫴꯀꯁꯂꯃꯄꯅꯆꯇꯈꯉꯊꯋꯌꯍꯎꯏꯐꯑꯒꯓꯔꯕ
Mende_Kikakui	Mend	197	7	9	213	𞠀𞠁𞠂𞠃𞠄𞠅𞠆𞠇𞠈𞠉𞠊𞠋𞠌𞠍𞠎𞠏𞠐𞠑𞠒𞠓𞠔𞠕𞠖𞠗𞠘𞠙𞠚𞠛𞠜𞠝𞠞𞠟𞠠𞠡𞠢𞠣
Meroitic_Cursive	Merc	26	0	64	90	𐦠𐦡𐦢𐦣𐦤𐦥𐦦𐦧𐦨𐦩𐦪𐦫𐦬𐦭𐦮𐦯𐦰𐦱𐦲𐦳𐦴𐦵𐦶𐦷𐦾𐦿
Meroitic_Hieroglyphs	Mero	32	0	0	32	𐦀𐦁𐦂𐦃𐦄𐦅𐦆𐦇𐦈𐦉𐦊𐦋𐦌𐦍𐦎𐦏𐦐𐦑𐦒𐦓𐦔𐦕𐦖𐦗𐦘𐦙𐦚𐦛𐦜𐦝𐦞𐦟
Miao	Plrd	89	60	0	149	𖼀𖼁𖼂𖼃𖼄𖼅𖼆𖼇𖼈𖼉𖼊𖼋𖼌𖼍𖼎𖼏𖼐𖼑𖼒𖼓𖼔𖼕𖼖𖼗𖼘𖼙𖼚𖼛𖼜𖼝𖼞𖼟𖼠𖼡𖼢𖼣
Modi	Modi	49	17	10	79	𑘀𑘁𑘂𑘃𑘄𑘅𑘆𑘇𑘈𑘉𑘊𑘋𑘌𑘍𑘎𑘏𑘐𑘑𑘒𑘓𑘔𑘕𑘖𑘗𑘘𑘙𑘚𑘛𑘜𑘝𑘞𑘟𑘠𑘡𑘢𑘣
Mongolian	Mong	129	7	10	168	ᠠᠡᠢᠣᠤᠥᠦᠧᠨᠩᠪᠫᠬᠭᠮᠯᠰᠱᠲᠳᠴᠵᠶᠷᠸᠹᠺᠻᠼᠽᠾᠿᡀᡁᡂᡃ
Mro	Mroo	31	0	10	43	𖩀𖩁𖩂𖩃𖩄𖩅𖩆𖩇𖩈𖩉𖩊𖩋𖩌𖩍𖩎𖩏𖩐𖩑𖩒𖩓𖩔𖩕𖩖𖩗𖩘𖩙𖩚𖩛𖩜𖩝𖩞
Multani	Mult	37	0	0	38	𑊀𑊁𑊂𑊃𑊄𑊅𑊆𑊈𑊊𑊋𑊌𑊍𑊏𑊐𑊑𑊒𑊓𑊔𑊕𑊖𑊗𑊘𑊙𑊚𑊛𑊜𑊝𑊟𑊠𑊡𑊢𑊣𑊤𑊥𑊦𑊧
Myanmar	Mymr	120	62	50	243	ကခဂဃငစဆဇဈဉညဋဌဍဎဏတထဒဓနပဖဗဘမယရလဝသဟဠအဢဣ
Nabataean	Nbat	31	0	9	40	𐢀𐢁𐢂𐢃𐢄𐢅𐢆𐢇𐢈𐢉𐢊𐢋𐢌𐢍𐢎𐢏𐢐𐢑𐢒𐢓𐢔𐢕𐢖𐢗𐢘𐢙𐢚𐢛𐢜𐢝𐢞
Nag_Mundari	Nagm	28	4	10	42	𞓐𞓑𞓒𞓓𞓔𞓕𞓖𞓗𞓘𞓙𞓚𞓛𞓜𞓝𞓞𞓟𞓠𞓡𞓢𞓣𞓤𞓥𞓦𞓧𞓨𞓩𞓪𞓫
Nandinagari	Nand	49	15	0	65	𑦠𑦡𑦢𑦣𑦤𑦥𑦦𑦧𑦪𑦫𑦬𑦭𑦮𑦯𑦰𑦱𑦲𑦳𑦴𑦵𑦶𑦷𑦸𑦹𑦺𑦻𑦼𑦽𑦾𑦿𑧀𑧁𑧂𑧃𑧄𑧅
New_Tai_Lue	Talu	70	0	11	83	ᦀᦁᦂᦃᦄᦅᦆᦇᦈᦉᦊᦋᦌᦍᦎᦏᦐᦑᦒᦓᦔᦕᦖᦗᦘᦙᦚᦛᦜᦝᦞᦟᦠᦡᦢᦣ
Newa	Newa	60	19	10	97	𑐀𑐁𑐂𑐃𑐄𑐅𑐆𑐇𑐈𑐉𑐊𑐋𑐌𑐍𑐎𑐏𑐐𑐑𑐒𑐓𑐔𑐕𑐖𑐗𑐘𑐙𑐚𑐛𑐜𑐝𑐞𑐟𑐠𑐡𑐢𑐣
Nko	Nkoo	36	10	10	62	ߊߋߌߍߎߏߐߑߒߓߔߕߖߗߘߙߚߛߜߝߞߟߠߡߢߣߤߥߦߧߨߩߪߴߵߺ
Nushu	Nshu	397	0	0	397	𖿡𛅰𛅱𛅲𛅳𛅴𛅵𛅶𛅷𛅸𛅹𛅺𛅻𛅼𛅽𛅾𛅿𛆀𛆁𛆂𛆃𛆄𛆅𛆆𛆇𛆈𛆉𛆊𛆋𛆌𛆍𛆎𛆏𛆐𛆑𛆒
Nyiakeng_Puachue_Hmong	Hmnp	53	7	10	71	𞄀𞄁𞄂𞄃𞄄𞄅𞄆𞄇𞄈𞄉𞄊𞄋𞄌𞄍𞄎𞄏𞄐𞄑𞄒𞄓𞄔𞄕𞄖𞄗𞄘𞄙𞄚𞄛𞄜𞄝𞄞𞄟𞄠𞄡𞄢𞄣
Ogham	Ogam	26	0	0	29	ᚁᚂᚃᚄᚅᚆᚇᚈᚉᚊᚋᚌᚍᚎᚏᚐᚑᚒᚓᚔᚕᚖᚗᚘᚙᚚ
Ol_Chiki	Olck	36	0	10	48	ᱚᱛᱜᱝᱞᱟᱠᱡᱢᱣᱤᱥᱦᱧᱨᱩᱪᱫᱬᱭᱮᱯᱰᱱᱲᱳᱴᱵᱶᱷᱸᱹᱺᱻᱼᱽ
Ol_Onal	Onao	31	2	10	44	𞗐𞗑𞗒𞗓𞗔𞗕𞗖𞗗𞗘𞗙𞗚𞗛𞗜𞗝𞗞𞗟𞗠𞗡𞗢𞗣𞗤𞗥𞗦𞗧𞗨𞗩𞗪𞗫𞗬𞗭𞗰
Old_Hungarian	Hung	102	0	6	108	𐲀𐲁𐲂𐲃𐲄𐲅𐲆𐲇𐲈𐲉𐲊𐲋𐲌𐲍𐲎𐲏𐲐𐲑𐲒𐲓𐲔𐲕𐲖𐲗𐲘𐲙𐲚𐲛𐲜𐲝𐲞𐲟𐲠𐲡𐲢𐲣
Old_Italic	Ital	35	0	4	39	𐌀𐌁𐌂𐌃𐌄𐌅𐌆𐌇𐌈𐌉𐌊𐌋𐌌𐌍𐌎𐌏𐌐𐌑𐌒𐌓𐌔𐌕𐌖𐌗𐌘𐌙𐌚𐌛𐌜𐌝𐌞𐌟𐌭𐌮𐌯
Old_North_Arabian	Narb	29	0	3	32	𐪀𐪁𐪂𐪃𐪄𐪅𐪆𐪇𐪈𐪉𐪊𐪋𐪌𐪍𐪎𐪏𐪐𐪑𐪒𐪓𐪔𐪕𐪖𐪗𐪘𐪙𐪚𐪛𐪜
Old_Permic	Perm	38	5	0	43	𐍐𐍑𐍒𐍓𐍔𐍕𐍖𐍗𐍘𐍙𐍚𐍛𐍜𐍝𐍞𐍟𐍠𐍡𐍢𐍣𐍤𐍥𐍦𐍧𐍨𐍩𐍪𐍫𐍬𐍭𐍮𐍯𐍰𐍱𐍲𐍳
Old_Persian	Xpeo	44	0	5	50	𐎠𐎡𐎢𐎣𐎤𐎥𐎦𐎧𐎨𐎩𐎪𐎫𐎬𐎭𐎮𐎯𐎰𐎱𐎲𐎳𐎴𐎵𐎶𐎷𐎸𐎹𐎺𐎻𐎼𐎽𐎾𐎿𐏀𐏁𐏂𐏃
Old_Sogdian	Sogo	30	0	10	40	𐼀𐼁𐼂𐼃𐼄𐼅𐼆𐼇𐼈𐼉𐼊𐼋𐼌𐼍𐼎𐼏𐼐𐼑𐼒𐼓𐼔𐼕𐼖𐼗𐼘𐼙𐼚𐼛𐼜𐼧
Old_South_Arabian	Sarb	29	0	2	32	𐩠𐩡𐩢𐩣𐩤𐩥𐩦𐩧𐩨𐩩𐩪𐩫𐩬𐩭𐩮𐩯𐩰𐩱𐩲𐩳𐩴𐩵𐩶𐩷𐩸𐩹𐩺𐩻𐩼
Old_Turkic	Orkh	73	0	0	73	𐰀𐰁𐰂𐰃𐰄𐰅𐰆𐰇𐰈𐰉𐰊𐰋𐰌𐰍𐰎𐰏𐰐𐰑𐰒𐰓𐰔𐰕𐰖𐰗𐰘𐰙𐰚𐰛𐰜𐰝𐰞𐰟𐰠𐰡𐰢𐰣
Old_Uyghur	Ougr	18	4	0	26	𐽰𐽱𐽲𐽳𐽴𐽵𐽶𐽷𐽸𐽹𐽺𐽻𐽼𐽽𐽾𐽿𐾀𐾁
Oriya	Orya	53	21	16	91	ଅଆଇଈଉଊଋଌଏଐଓଔକଖଗଘଙଚଛଜଝଞଟଠଡଢଣତଥଦଧନପଫବଭ
Osage	Osge	72	0	0	72	𐒰𐒱𐒲𐒳𐒴𐒵𐒶𐒷𐒸𐒹𐒺𐒻𐒼𐒽𐒾𐒿𐓀𐓁𐓂𐓃𐓄𐓅𐓆𐓇𐓈𐓉𐓊𐓋𐓌𐓍𐓎𐓏𐓐𐓑𐓒𐓓
Osmanya	Osma	30	0	10	40	𐒀𐒁𐒂𐒃𐒄𐒅𐒆𐒇𐒈𐒉𐒊𐒋𐒌𐒍𐒎𐒏𐒐𐒑𐒒𐒓𐒔𐒕𐒖𐒗𐒘𐒙𐒚𐒛𐒜𐒝
Pahawh_Hmong	Hmng	92	7	17	127	𖬀𖬁𖬂𖬃𖬄𖬅𖬆𖬇𖬈𖬉𖬊𖬋𖬌𖬍𖬎𖬏𖬐𖬑𖬒𖬓𖬔𖬕𖬖𖬗𖬘𖬙𖬚𖬛𖬜𖬝𖬞𖬟𖬠𖬡𖬢𖬣
Palmyrene	Palm	23	0	7	32	𐡠𐡡𐡢𐡣𐡤𐡥𐡦𐡧𐡨𐡩𐡪𐡫𐡬𐡭𐡮𐡯𐡰𐡱𐡲𐡳𐡴𐡵𐡶
Pau_Cin_Hau	Pauc	57	0	0	57	𑫀𑫁𑫂𑫃𑫄𑫅𑫆𑫇𑫈𑫉𑫊𑫋𑫌𑫍𑫎𑫏𑫐𑫑𑫒𑫓𑫔𑫕𑫖𑫗𑫘𑫙𑫚𑫛𑫜𑫝𑫞𑫟𑫠𑫡𑫢𑫣
Phags_Pa	Phag	52	0	0	56	ꡀꡁꡂꡃꡄꡅꡆꡇꡈꡉꡊꡋꡌꡍꡎꡏꡐꡑꡒꡓꡔꡕꡖꡗꡘꡙꡚꡛꡜꡝꡞꡟꡠꡡꡢꡣ
Phoenician	Phnx	22	0	6	29	𐤀𐤁𐤂𐤃𐤄𐤅𐤆𐤇𐤈𐤉𐤊𐤋𐤌𐤍𐤎𐤏𐤐𐤑𐤒𐤓𐤔𐤕
Psalter_Pahlavi	Phlp	18	0	7	29	𐮀𐮁𐮂𐮃𐮄𐮅𐮆𐮇𐮈𐮉𐮊𐮋𐮌𐮍𐮎𐮏𐮐𐮑
Rejang	Rjng	23	13	0	37	ꤰꤱꤲꤳꤴꤵꤶꤷꤸꤹꤺꤻꤼꤽꤾꤿꥀꥁꥂꥃꥄꥅꥆ
Runic	Runr	83	0	3	86	ᚠᚡᚢᚣᚤᚥᚦᚧᚨᚩᚪᚫᚬᚭᚮᚯᚰᚱᚲᚳᚴᚵᚶᚷᚸᚹᚺᚻᚼᚽᚾᚿᛀᛁᛂᛃ
Samaritan	Samr	25	21	0	61	ࠀࠁࠂࠃࠄࠅࠆࠇࠈࠉࠊࠋࠌࠍࠎࠏࠐࠑࠒࠓࠔࠕࠚࠤࠨ
Saurashtra	Saur	50	20	10	82	ꢂꢃꢄꢅꢆꢇꢈꢉꢊꢋꢌꢍꢎꢏꢐꢑꢒꢓꢔꢕꢖꢗꢘꢙꢚꢛꢜꢝꢞꢟꢠꢡꢢꢣꢤꢥ
Sharada	Shrd	54	31	10	104	𑆃𑆄𑆅𑆆𑆇𑆈𑆉𑆊𑆋𑆌𑆍𑆎𑆏𑆐𑆑𑆒𑆓𑆔𑆕𑆖𑆗𑆘𑆙𑆚𑆛𑆜𑆝𑆞𑆟𑆠𑆡𑆢𑆣𑆤𑆥𑆦
Shavian	Shaw	48	0	0	48	𐑐𐑑𐑒𐑓𐑔𐑕𐑖𐑗𐑘𐑙𐑚𐑛𐑜𐑝𐑞𐑟𐑠𐑡𐑢𐑣𐑤𐑥𐑦𐑧𐑨𐑩𐑪𐑫𐑬𐑭𐑮𐑯𐑰𐑱𐑲𐑳
Siddham	Sidd	51	18	0	92	𑖀𑖁𑖂𑖃𑖄𑖅𑖆𑖇𑖈𑖉𑖊𑖋𑖌𑖍𑖎𑖏𑖐𑖑𑖒𑖓𑖔𑖕𑖖𑖗𑖘𑖙𑖚𑖛𑖜𑖝𑖞𑖟𑖠𑖡𑖢𑖣
Sidetic	Sidt	26	0	0	26	𐥀𐥁𐥂𐥃𐥄𐥅𐥆𐥇𐥈𐥉𐥊𐥋𐥌𐥍𐥎𐥏𐥐𐥑𐥒𐥓𐥔𐥕𐥖𐥗𐥘𐥙
SignWriting	Sgnw	0	127	0	672	
Sinhala	Sinh	59	21	30	111	අආඇඈඉඊඋඌඍඎඏඐඑඒඓඔඕඖකඛගඝඞඟචඡජඣඤඥඦටඨඩඪණ
Sogdian	Sogd	22	11	4	42	𐼰𐼱𐼲𐼳𐼴𐼵𐼶𐼷𐼸𐼹𐼺𐼻𐼼𐼽𐼾𐼿𐽀𐽁𐽂𐽃𐽄𐽅
Sora_Sompeng	Sora	25	0	10	35	𑃐𑃑𑃒𑃓𑃔𑃕𑃖𑃗𑃘𑃙𑃚𑃛𑃜𑃝𑃞𑃟𑃠𑃡𑃢𑃣𑃤𑃥𑃦𑃧𑃨
Soyombo	Soyo	48	27	0	83	𑩐𑩜𑩝𑩞𑩟𑩠𑩡𑩢𑩣𑩤𑩥𑩦𑩧𑩨𑩩𑩪𑩫𑩬𑩭𑩮𑩯𑩰𑩱𑩲𑩳𑩴𑩵𑩶𑩷𑩸𑩹𑩺𑩻𑩼𑩽𑩾
Sundanese	Sund	38	16	10	72	ᮃᮄᮅᮆᮇᮈᮉᮊᮋᮌᮍᮎᮏᮐᮑᮒᮓᮔᮕᮖᮗᮘᮙᮚᮛᮜᮝᮞᮟᮠᮮᮯᮺᮻᮼᮽ
Sunuwar	Sunu	33	0	10	44	𑯀𑯁𑯂𑯃𑯄𑯅𑯆𑯇𑯈𑯉𑯊𑯋𑯌𑯍𑯎𑯏𑯐𑯑𑯒𑯓𑯔𑯕𑯖𑯗𑯘𑯙𑯚𑯛𑯜𑯝𑯞𑯟𑯠
Syloti_Nagri	Sylo	32	9	0	45	ꠀꠁꠃꠄꠅꠇꠈꠉꠊꠌꠍꠎꠏꠐꠑꠒꠓꠔꠕꠖꠗꠘꠙꠚꠛꠜꠝꠞꠟꠠꠡꠢ
Syriac	Syrc	45	28	0	88	ܐܒܓܔܕܖܗܘܙܚܛܜܝܞܟܠܡܢܣܤܥܦܧܨܩܪܫܬܭܮܯݍݎݏࡠࡡ
Tagalog	Tglg	19	4	0	23	ᜀᜁᜂᜃᜄᜅᜆᜇᜈᜉᜊᜋᜌᜍᜎᜏᜐᜑᜟ
Tagbanwa	Tagb	16	2	0	18	ᝠᝡᝢᝣᝤᝥᝦᝧᝨᝩᝪᝫᝬᝮᝯᝰ
Tai_Le	Tale	35	0	0	35	ᥐᥑᥒᥓᥔᥕᥖᥗᥘᥙᥚᥛᥜᥝᥞᥟᥠᥡᥢᥣᥤᥥᥦᥧᥨᥩᥪᥫᥬᥭᥰᥱᥲᥳᥴ
Tai_Tham	Lana	54	40	20	127	ᨠᨡᨢᨣᨤᨥᨦᨧᨨᨩᨪᨫᨬᨭᨮᨯᨰᨱᨲᨳᨴᨵᨶᨷᨸᨹᨺᨻᨼᨽᨾᨿᩀᩁᩂᩃ
Tai_Viet	Tavt	61	9	0	72	ꪀꪁꪂꪃꪄꪅꪆꪇꪈꪉꪊꪋꪌꪍꪎꪏꪐꪑꪒꪓꪔꪕꪖꪗꪘꪙꪚꪛꪜꪝꪞꪟꪠꪡꪢꪣ
Tai_Yo	Tayo	50	5	0	55	𞛀𞛁𞛂𞛃𞛄𞛅𞛆𞛇𞛈𞛉𞛊𞛋𞛌𞛍𞛎𞛏𞛐𞛑𞛒𞛓𞛔𞛕𞛖𞛗𞛘𞛙𞛚𞛛𞛜𞛝𞛞𞛠𞛡𞛢𞛤𞛥
Takri	Takr	44	13	10	68	𑚀𑚁𑚂𑚃𑚄𑚅𑚆𑚇𑚈𑚉𑚊𑚋𑚌𑚍𑚎𑚏𑚐𑚑𑚒𑚓𑚔𑚕𑚖𑚗𑚘𑚙𑚚𑚛𑚜𑚝𑚞𑚟𑚠𑚡𑚢𑚣
Tamil	Taml	37	14	34	123	ஃஅஆஇஈஉஊஎஏஐஒஓஔகஙசஜஞடணதநனபமயரறலளழவஶஷஸஹ
Tangsa	Tnsa	79	0	10	89	𖩰𖩱𖩲𖩳𖩴𖩵𖩶𖩷𖩸𖩹𖩺𖩻𖩼𖩽𖩾𖩿𖪀𖪁𖪂𖪃𖪄𖪅𖪆𖪇𖪈𖪉𖪊𖪋𖪌𖪍𖪎𖪏𖪐𖪑𖪒𖪓
Tangut	Tang	888	0	0	7059	𖿠𗀀𘟿𘠀𘠁𘠂𘠃𘠄𘠅𘠆𘠇𘠈𘠉𘠊𘠋𘠌𘠍𘠎𘠏𘠐𘠑𘠒𘠓𘠔𘠕𘠖𘠗𘠘𘠙𘠚𘠛𘠜𘠝𘠞𘠟𘠠
Telugu	Telu	58	24	17	101	అఆఇఈఉఊఋఌఎఏఐఒఓఔకఖగఘఙచఛజఝఞటఠడఢణతథదధనపఫ
Thaana	Thaa	39	11	0	50	ހށނރބޅކއވމފދތލގޏސޑޒޓޔޕޖޗޘޙޚޛޜޝޞޟޠޡޢޣ
Thai	Thai	57	16	10	86	กขฃคฅฆงจฉชซฌญฎฏฐฑฒณดตถทธนบปผฝพฟภมยรฤ
Tibetan	Tibt	50	77	20	207	ༀཀཁགགྷངཅཆཇཉཊཋཌཌྷཎཏཐདདྷནཔཕབབྷམཙཚཛཛྷཝཞཟའཡརལ
Tifinagh	Tfng	57	1	0	59	ⴰⴱⴲⴳⴴⴵⴶⴷⴸⴹⴺⴻⴼⴽⴾⴿⵀⵁⵂⵃⵄⵅⵆⵇⵈⵉⵊⵋⵌⵍⵎⵏⵐⵑⵒⵓ
Tirhuta	Tirh	51	20	10	82	𑒀𑒁𑒂𑒃𑒄𑒅𑒆𑒇𑒈𑒉𑒊𑒋𑒌𑒍𑒎𑒏𑒐𑒑𑒒𑒓𑒔𑒕𑒖𑒗𑒘𑒙𑒚𑒛𑒜𑒝𑒞𑒟𑒠𑒡𑒢𑒣
Todhri	Todr	52	0	0	52	𐗀𐗁𐗂𐗃𐗄𐗅𐗆𐗇𐗈𐗉𐗊𐗋𐗌𐗍𐗎𐗏𐗐𐗑𐗒𐗓𐗔𐗕𐗖𐗗𐗘𐗙𐗚𐗛𐗜𐗝𐗞𐗟𐗠𐗡𐗢𐗣
Tolong_Siki	Tols	44	0	10	54	𑶰𑶱𑶲𑶳𑶴𑶵𑶶𑶷𑶸𑶹𑶺𑶻𑶼𑶽𑶾𑶿𑷀𑷁𑷂𑷃𑷄𑷅𑷆𑷇𑷈𑷉𑷊𑷋𑷌𑷍𑷎𑷏𑷐𑷑𑷒𑷓
Toto	Toto	30	1	0	31	𞊐𞊑𞊒𞊓𞊔𞊕𞊖𞊗𞊘𞊙𞊚𞊛𞊜𞊝𞊞𞊟𞊠𞊡𞊢𞊣𞊤𞊥𞊦𞊧𞊨𞊩𞊪𞊫𞊬𞊭
Tulu_Tigalari	Tutg	53	23	0	80	𑎀𑎁𑎂𑎃𑎄𑎅𑎆𑎇𑎈𑎉𑎋𑎎𑎐𑎑𑎒𑎓𑎔𑎕𑎖𑎗𑎘𑎙𑎚𑎛𑎜𑎝𑎞𑎟𑎠𑎡𑎢𑎣𑎤𑎥𑎦𑎧
Ugaritic	Ugar	30	0	0	31	𐎀𐎁𐎂𐎃𐎄𐎅𐎆𐎇𐎈𐎉𐎊𐎋𐎌𐎍𐎎𐎏𐎐𐎑𐎒𐎓𐎔𐎕𐎖𐎗𐎘𐎙𐎚𐎛𐎜𐎝
Vai	Vaii	287	0	10	300	ꔀꔁꔂꔃꔄꔅꔆꔇꔈꔉꔊꔋꔌꔍꔎꔏꔐꔑꔒꔓꔔꔕꔖꔗꔘꔙꔚꔛꔜꔝꔞꔟꔠꔡꔢꔣ
Vithkuqi	Vith	70	0	0	70	𐕰𐕱𐕲𐕳𐕴𐕵𐕶𐕷𐕸𐕹𐕺𐕼𐕽𐕾𐕿𐖀𐖁𐖂𐖃𐖄𐖅𐖆𐖇𐖈𐖉𐖊𐖌𐖍𐖎𐖏𐖐𐖑𐖒𐖔𐖕𐖗
Wancho	Wcho	44	4	10	59	𞋀𞋁𞋂𞋃𞋄𞋅𞋆𞋇𞋈𞋉𞋊𞋋𞋌𞋍𞋎𞋏𞋐𞋑𞋒𞋓𞋔𞋕𞋖𞋗𞋘𞋙𞋚𞋛𞋜𞋝𞋞𞋟𞋠𞋡𞋢𞋣
Warang_Citi	Wara	65	0	19	84	𑢠𑢡𑢢𑢣𑢤𑢥𑢦𑢧𑢨𑢩𑢪𑢫𑢬𑢭𑢮𑢯𑢰𑢱𑢲𑢳𑢴𑢵𑢶𑢷𑢸𑢹𑢺𑢻𑢼𑢽𑢾𑢿𑣀𑣁𑣂𑣃
Yezidi	Yezi	44	2	0	47	𐺀𐺁𐺂𐺃𐺄𐺅𐺆𐺇𐺈𐺉𐺊𐺋𐺌𐺍𐺎𐺏𐺐𐺑𐺒𐺓𐺔𐺕𐺖𐺗𐺘𐺙𐺚𐺛𐺜𐺝𐺞𐺟𐺠𐺡𐺢𐺣
Yi	Yiii	1165	0	0	1220	ꀀꀁꀂꀃꀄꀅꀆꀇꀈꀉꀊꀋꀌꀍꀎꀏꀐꀑꀒꀓꀔꀕꀖꀗꀘꀙꀚꀛꀜꀝꀞꀟꀠꀡꀢꀣ
Zanabazar_Square	Zanb	42	22	0	72	𑨀𑨋𑨌𑨍𑨎𑨏𑨐𑨑𑨒𑨓𑨔𑨕𑨖𑨗𑨘𑨙𑨚𑨛𑨜𑨝𑨞𑨟𑨠𑨡𑨢𑨣𑨤𑨥𑨦𑨧𑨨𑨩𑨪𑨫𑨬𑨭
